Region	Arbeitsstätten	Beschäftigte
996  Wolfisberg	0	0
995  Wiedlisbach	0	0
993  Wangenried	0	0
992  Wangen an der Aare	0	0
991  Walliswil bei Wangen	0	0
990  Walliswil bei Niederbipp	0	0
99  Schöfflisdorf	0	0
989  Thörigen	0	0
988  Seeberg	0	0
987  Rumisberg	0	0
985  Ochlenberg	0	0
983  Oberbipp	0	0
982  Niederönz	1	519
981  Niederbipp	2	798
980  Inkwil	0	0
98  Schleinikon	0	0
979  Herzogenbuchsee	0	0
978  Hermiswil	0	0
977  Heimenhausen	0	0
976  Graben	0	0
975  Farnern	0	0
973  Bettenhausen	0	0
972  Berken	0	0
971  Attiswil	0	0
97  Rümlang	0	0
960  Wyssachen	0	0
96  Regensdorf	2	794
959  Walterswil (BE)	0	0
958  Trachselwald	0	0
957  Sumiswald	0	0
956  Rüegsau	0	0
955  Lützelflüh	0	0
954  Huttwil	0	0
953  Eriswil	0	0
952  Dürrenroth	0	0
951  Affoltern im Emmental	0	0
95  Regensberg	0	0
948  Forst-Längenbühl	0	0
947  Zwieselberg	0	0
946  Wachseldorn	0	0
945  Unterlangenegg	0	0
944  Uetendorf	0	0
943  Uebeschi	0	0
942  Thun	6	4028
941  Thierachern	0	0
940  Teuffenthal (BE)	0	0
94  Otelfingen	1	389
939  Steffisburg	2	1138
938  Sigriswil	0	0
937  Schwendibach	0	0
936  Pohlern	0	0
935  Oberlangenegg	0	0
934  Oberhofen am Thunersee	0	0
932  Horrenbach-Buchen	0	0
931  Homberg	0	0
930  Höfen	0	0
93  Oberweningen	0	0
929  Hilterfingen	0	0
928  Heimberg	0	0
927  Heiligenschwendi	1	318
925  Fahrni	0	0
924  Eriz	0	0
923  Buchholterberg	0	0
922  Blumenstein	0	0
921  Amsoldingen	0	0
92  Oberglatt	0	0
91  Niederweningen	0	0
909  Trubschachen	1	463
908  Trub	0	0
907  Signau	0	0
906  Schangnau	0	0
905  Rüderswil	0	0
904  Röthenbach im Emmental	0	0
903  Lauperswil	0	0
902  Langnau im Emmental	1	527
901  Eggiwil	0	0
90  Niederhasli	1	288
9  Mettmenstetten	0	0
89  Niederglatt	0	0
888  Wald (BE)	0	0
886  Wattenwil	0	0
885  Uttigen	0	0
884  Toffen	0	0
883  Seftigen	0	0
881  Rümligen	0	0
880  Rüeggisberg	0	0
88  Neerach	0	0
879  Riggisberg	0	0
878  Noflen	0	0
877  Niedermuhlern	0	0
876  Mühlethurnen	0	0
875  Mühledorf (BE)	0	0
874  Lohnstorf	0	0
873  Kirchenthurnen	0	0
872  Kirchdorf (BE)	0	0
871  Kienersrüti	0	0
870  Kehrsatz	0	0
87  Hüttikon	0	0
869  Kaufdorf	0	0
868  Jaberg	0	0
867  Gurzelen	0	0
866  Gerzensee	0	0
865  Gelterfingen	0	0
863  Burgistein	0	0
861  Belp	0	0
86  Dielsdorf	0	0
855  Schwarzenburg	1	349
853  Rüschegg	0	0
852  Guggisberg	0	0
85  Dänikon	0	0
843  Saanen	1	289
842  Lauenen	0	0
841  Gsteig	0	0
84  Dällikon	1	468
83  Buchs (ZH)	1	530
82  Boppelsen	0	0
81  Bachs	0	0
8  Maschwanden	0	0
794  Zweisimmen	0	0
793  St. Stephan	0	0
792  Lenk	0	0
791  Boltigen	0	0
786  Schattenhalb	1	344
785  Meiringen	0	0
784  Innertkirchen	0	0
783  Hasliberg	0	0
782  Guttannen	0	0
781  Gadmen	0	0
769  Wimmis	0	0
768  Spiez	1	298
767  Reutigen	0	0
766  Oberwil im Simmental	0	0
765  Oberstocken	0	0
764  Niederstocken	0	0
763  Erlenbach im Simmental	0	0
762  Diemtigen	0	0
761  Därstetten	0	0
756  Twann-Tüscherz	0	0
755  Worben	1	323
754  Walperswil	0	0
751  Täuffelen	0	0
750  Sutz-Lattrigen	0	0
749  Studen (BE)	0	0
748  Schwadernau	0	0
747  Scheuren	0	0
746  Safnern	0	0
745  Port	0	0
744  Orpund	0	0
743  Nidau	0	0
742  Mörigen	0	0
741  Merzligen	0	0
740  Ligerz	0	0
739  Ipsach	0	0
738  Jens	0	0
737  Hermrigen	0	0
736  Hagneck	0	0
735  Epsach	0	0
734  Bühl	0	0
733  Brügg	0	0
732  Bellmund	0	0
731  Aegerten	0	0
725  Prêles	0	0
724  Nods	0	0
723  La Neuveville	0	0
722  Lamboing	0	0
721  Diesse	0	0
72  Winkel	0	0
715  Rebévelier	0	0
713  Tavannes	0	0
712  Souboz	0	0
711  Sorvilier	0	0
710  Sornetan	0	0
71  Wil (ZH)	0	0
709  Seehof	0	0
708  Schelten	0	0
707  Saules (BE)	0	0
706  Saicourt	0	0
704  Roches (BE)	0	0
703  Reconvilier	0	0
702  Pontenet	0	0
701  Perrefitte	0	0
700  Moutier	2	775
70  Wasterkingen	0	0
7  Knonau	0	0
699  Monible	0	0
697  Malleray	0	0
696  Loveresse	0	0
694  Grandval	0	0
692  Eschert	0	0
691  Crémines	0	0
690  Court	0	0
69  Wallisellen	6	2800
687  Corcelles (BE)	0	0
684  Châtelat	0	0
683  Champoz	0	0
682  Bévilard	0	0
6810  La Baroche	0	0
681  Belprahon	0	0
6809  Haute-Ajoie	1	327
6808  Clos du Doubs	0	0
6807  Basse-Allaine	0	0
6806  Vendlincourt	0	0
6803  Rocourt	0	0
6800  Porrentruy	2	939
68  Rorbas	0	0
6793  Lugnez	0	0
6792  Grandfontaine	0	0
6790  Fontenais	0	0
6789  Fahy	0	0
6787  Damphreux	0	0
6785  Courtedoux	0	0
6784  Courgenay	0	0
6783  Courchavon	0	0
6782  Cornol	0	0
6781  Coeuve	0	0
6778  Bure	0	0
6775  Bonfol	0	0
6774  Boncourt	1	367
6773  Beurnevésin	0	0
6771  Alle	0	0
6759  Soubey	0	0
6758  Saint-Brais	0	0
6757  Saignelégier	0	0
6754  Le Noirmont	1	280
6753  Muriaux	0	0
6751  Montfaucon	0	0
6750  Lajoux (JU)	0	0
6748  Les Genevez (JU)	0	0
6745  Les Enfers	0	0
6744  La Chaux-des-Breuleux	0	0
6743  Les Breuleux	1	366
6742  Les Bois	0	0
6741  Le Bémont (JU)	0	0
6730  Val Terbi	0	0
6729  Haute-Sorne	1	390
6728  Vellerat	0	0
6724  Soyhières	0	0
6722  Saulcy	0	0
6721  Rossemaison	0	0
6720  Rebeuvelier	0	0
6719  Pleigne	0	0
6718  Movelier	0	0
6716  Mettembert	0	0
6715  Mervelier	0	0
6713  Ederswiler	0	0
6712  Develier	0	0
6711  Delémont	2	1043
6710  Courtételle	0	0
671  Wileroltigen	0	0
6709  Courroux	0	0
6708  Courrendlin	0	0
6706  Courchapoix	0	0
6705  Corban	0	0
6704  Châtillon (JU)	0	0
6703  Bourrignon	0	0
6702  Boécourt	0	0
670  Neuenegg	0	0
67  Rafz	0	0
669  Münchenwiler	0	0
668  Mühleberg	1	330
667  Laupen	0	0
666  Kriechenwil	0	0
665  Gurbrü	0	0
6645  Veyrier	0	0
6644  Versoix	1	486
6643  Vernier	5	3589
6642  Vandoeuvres	0	0
6641  Troinex	0	0
6640  Thônex	4	2361
664  Golaten	0	0
6639  Soral	0	0
6638  Satigny	4	1657
6637  Russin	0	0
6636  Puplinge	1	410
6635  Presinge	0	0
6634  Pregny-Chambésy	0	0
6633  Plan-les-Ouates	6	4680
6632  Perly-Certoux	0	0
6631  Onex	1	433
6630  Meyrin	8	4781
663  Frauenkappelen	0	0
6629  Meinier	0	0
6628  Lancy	6	5510
6627  Laconnex	0	0
6626  Jussy	0	0
6625  Hermance	0	0
6624  Gy	0	0
6623  Le Grand-Saconnex	7	4458
6622  Genthod	1	254
6621  Genève	55	34595
6620  Dardagny	1	301
662  Ferenbalm	0	0
6619  Corsier (GE)	0	0
6618  Confignon	0	0
6617  Cologny	1	451
6616  Collonge-Bellerive	1	381
6615  Collex-Bossy	0	0
6614  Choulex	0	0
6613  Chêne-Bourg	1	332
6612  Chêne-Bougeries	2	842
6611  Chancy	0	0
6610  Céligny	0	0
661  Clavaleyres	0	0
6609  Cartigny	0	0
6608  Carouge (GE)	7	5947
6607  Bernex	1	354
6606  Bellevue	1	279
6605  Bardonnex	0	0
6604  Avusy	0	0
6603  Avully	0	0
6602  Anières	0	0
6601  Aire-la-Ville	0	0
66  Opfikon	12	8354
6512  Val-de-Travers	2	750
6511  Les Verrières	0	0
6504  La Côte-aux-Fées	0	0
65  Oberembrach	0	0
6487  Val-de-Ruz	2	1250
6485  Valangin	0	0
6461  La Tène	2	645
6459  Saint-Blaise	0	0
6458  Neuchâtel	6	5270
6456  Lignières	0	0
6455  Le Landeron	0	0
6454  Hauterive (NE)	0	0
6453  Enges	0	0
6452  Cressier (NE)	1	281
6451  Cornaux	0	0
6437  Les Ponts-de-Martel	0	0
6436  Le Locle	3	1254
6435  La Chaux-du-Milieu	0	0
6434  Le Cerneux-Péquignot	0	0
6433  Brot-Plamboz	0	0
6432  La Brévine	0	0
6431  Les Brenets	0	0
6423  La Sagne	0	0
6422  Les Planchettes	0	0
6421  La Chaux-de-Fonds	6	3047
6416  Milvignes	0	0
6415  Vaumarcus	0	0
6414  Saint-Aubin-Sauges	0	0
6413  Rochefort	0	0
6412  Peseux	0	0
6411  Montalchez	0	0
6410  Gorgier	0	0
6409  Fresens	0	0
6408  Cortaillod	1	280
6407  Corcelles-Cormondrèche	0	0
6405  Brot-Dessous	0	0
6404  Boudry	2	624
6402  Bevaix	0	0
64  Nürensdorf	0	0
632  Wichtrach	0	0
6300  Zermatt	1	322
630  Allmendingen	0	0
63  Lufingen	0	0
6299  Zeneggen	0	0
6298  Visperterminen	0	0
6297  Visp	2	3179
6296  Törbel	0	0
6295  Täsch	0	0
6294  Staldenried	0	0
6293  Stalden (VS)	0	0
6292  St. Niklaus	1	447
6291  Saas-Grund	0	0
6290  Saas-Fee	0	0
629  Oberhünigen	0	0
6289  Saas-Balen	0	0
6288  Saas-Almagell	0	0
6287  Randa	0	0
6286  Lalden	0	0
6285  Grächen	0	0
6283  Embd	0	0
6282  Eisten	0	0
6281  Baltschieder	0	0
628  Zäziwil	0	0
627  Worb	0	0
6267  Veysonnaz	0	0
6266  Sion	8	3813
6265  Savièse	0	0
6263  Grimisuat	0	0
6261  Arbaz	0	0
626  Walkringen	0	0
6252  Anniviers	0	0
6250  Veyras	0	0
625  Tägertschi	0	0
6249  Venthône	0	0
6248  Sierre	3	1421
6246  Saint-Léonard	0	0
6244  Randogne	0	0
6243  Montana	0	0
6242  Mollens (VS)	0	0
6241  Miège	0	0
6240  Lens	0	0
624  Schlosswil	0	0
6239  Icogne	0	0
6238  Grône	0	0
6235  Chippis	0	0
6234  Chermignon	0	0
6232  Chalais	0	0
623  Rubigen	0	0
6220  Vérossaz	0	0
622  Oppligen	0	0
6219  Vernayaz	0	0
6218  Salvan	0	0
6217  Saint-Maurice	0	0
6215  Massongex	0	0
6214  Finhaut	0	0
6213  Evionnaz	1	335
6212  Dorénaz	0	0
6211  Collonges	0	0
6204  Steg-Hohtenn	0	0
6203  Mörel-Filet	0	0
6202  Wiler (Lötschen)	0	0
6201  Unterbäch	0	0
620  Oberthal	0	0
62  Kloten	17	18269
6199  Raron	0	0
6198  Niedergesteln	0	0
6197  Kippel	0	0
6195  Ferden	0	0
6194  Eischoll	0	0
6193  Bürchen	0	0
6192  Blatten	0	0
6191  Ausserberg	0	0
619  Oberdiessbach	1	396
6181  Riederalp	0	0
6178  Martisberg	0	0
6177  Grengiols	0	0
6173  Bitsch	0	0
6172  Bister	0	0
6171  Betten	0	0
617  Niederhünigen	0	0
616  Münsingen	1	713
6159  Vouvry	0	0
6158  Vionnaz	0	0
6157  Val-d'Illiez	0	0
6156  Troistorrents	0	0
6155  Saint-Gingolph	0	0
6154  Port-Valais	0	0
6153  Monthey	6	2993
6152  Collombey-Muraz	1	255
6151  Champéry	0	0
615  Mirchel	0	0
6142  Trient	0	0
6141  Saxon	0	0
6140  Saillon	0	0
614  Linden	0	0
6139  Riddes	0	0
6137  Martigny-Combe	0	0
6136  Martigny	2	882
6135  Leytron	0	0
6134  Isérables	0	0
6133  Fully	0	0
6132  Charrat	0	0
6131  Bovernier	0	0
613  Landiswil	0	0
612  Konolfingen	2	940
6119  Turtmann-Unterems	0	0
6118  Gampel-Bratsch	0	0
6117  Guttet-Feschel	0	0
6116  Varen	0	0
6113  Salgesch	0	0
6112  Oberems	0	0
6111  Leukerbad	0	0
6110  Leuk	0	0
611  Kiesen	0	0
6109  Inden	0	0
6104  Ergisch	0	0
6102  Albinen	0	0
6101  Agarn	0	0
610  Herbligen	0	0
61  Hüntwangen	0	0
6090  Mont-Noble	0	0
609  Häutligen	0	0
6089  Vex	0	0
6087  Saint-Martin (VS)	0	0
6084  Hérémence	0	0
6083  Evolène	0	0
6082  Ayent	0	0
6081  Les Agettes	0	0
608  Grosshöchstetten	0	0
6076  Obergoms	0	0
6075  Reckingen-Gluringen	0	0
6074  Münster-Geschinen	0	0
6073  Grafschaft	0	0
607  Freimettigen	0	0
6064  Niederwald	0	0
6061  Lax	0	0
606  Brenzikofen	0	0
6058  Fieschertal	0	0
6057  Fiesch	0	0
6056  Ernen	0	0
6055  Blitzingen	0	0
6054  Binn	0	0
6052  Bellwald	0	0
605  Bowil	0	0
604  Bleiken bei Oberdiessbach	0	0
6036  Vollèges	0	0
6035  Sembrancher	0	0
6034  Orsières	0	0
6033  Liddes	0	0
6032  Bourg-Saint-Pierre	0	0
6031  Bagnes	0	0
603  Biglen	0	0
6025  Vétroz	0	0
6024  Nendaz	0	0
6023  Conthey	0	0
6022  Chamoson	0	0
6021  Ardon	0	0
602  Arni (BE)	0	0
6011  Zwischbergen	0	0
6010  Termen	0	0
6009  Simplon	0	0
6008  Ried-Brig	0	0
6007  Naters	0	0
6004  Eggerberg	0	0
6002  Brig-Glis	2	941
60  Höri	0	0
6  Kappel am Albis	0	0
594  Wilderswil	0	0
5939  Yvonand	0	0
5938  Yverdon-les-Bains	4	1974
5937  Vugelles-La Mothe	0	0
5935  Villars-Epeney	0	0
5934  Valeyres-sous-Ursins	0	0
5933  Valeyres-sous-Montagny	0	0
5932  Ursins	0	0
5931  Treycovagnes	0	0
5930  Suscévaz	0	0
593  Unterseen	1	621
5929  Suchy	0	0
5928  Rovray	0	0
5926  Pomy	0	0
5925  Orzens	0	0
5924  Orges	0	0
5923  Oppens	0	0
5922  Montagny-près-Yverdon	0	0
5921  Molondin	0	0
592  Schwanden bei Brienz	0	0
5919  Mathod	0	0
5915  Essert-Pittet	0	0
5914  Ependes (VD)	0	0
5913  Donneloye	0	0
5912  Démoret	0	0
5911  Cuarny	0	0
5910  Cronay	0	0
591  Saxeten	0	0
5909  Cheseaux-Noréaz	0	0
5908  Chêne-Pâquier	0	0
5907  Chavannes-le-Chêne	0	0
5905  Champvent	0	0
5904  Chamblon	0	0
5903  Bioley-Magnoux	0	0
5902  Belmont-sur-Yverdon	0	0
590  Ringgenberg (BE)	0	0
59  Hochfelden	0	0
5891  Veytaux	0	0
5890  Vevey	3	2449
589  Oberried am Brienzersee	0	0
5889  La Tour-de-Peilz	1	416
5888  Saint-Légier-La Chiésaz	1	331
5886  Montreux	3	919
5885  Jongny	0	0
5884  Corsier-sur-Vevey	1	395
5883  Corseaux	0	0
5882  Chardonne	0	0
5881  Blonay	0	0
588  Niederried bei Interlaken	0	0
5873  Le Lieu	0	0
5872  Le Chenit	3	2212
5871  L'Abbaye	1	804
587  Matten bei Interlaken	0	0
5863  Vinzel	0	0
5862  Tartegnin	0	0
5861  Rolle	0	0
5860  Perroy	0	0
586  Lütschental	0	0
5859  Mont-sur-Rolle	0	0
5858  Luins	0	0
5857  Gilly	0	0
5856  Essertines-sur-Rolle	0	0
5855  Dully	0	0
5854  Burtigny	0	0
5853  Bursins	0	0
5852  Bursinel	0	0
5851  Allaman	0	0
585  Leissigen	0	0
5843  Rougemont	0	0
5842  Rossinière	0	0
5841  Château-d'Oex	0	0
584  Lauterbrunnen	0	0
5831  Valbroye	0	0
5830  Villarzel	0	0
5828  Treytorrens (Payerne)	0	0
5827  Trey	0	0
5822  Payerne	1	505
5821  Missy	0	0
582  Iseltwald	0	0
5819  Henniez	1	300
5817  Grandcour	0	0
5816  Corcelles-près-Payerne	0	0
5813  Chevroux	0	0
5812  Champtauroz	0	0
581  Interlaken	0	0
5805  Oron	0	0
5804  Jorat-Menthue	0	0
5803  Vulliens	0	0
580  Hofstetten bei Brienz	0	0
58  Glattfelden	0	0
5799  Servion	0	0
5798  Ropraz	0	0
5792  Montpreveyres	0	0
5791  Mézières (VD)	0	0
5790  Maracon	0	0
579  Habkern	0	0
5789  Ferlens (VD)	0	0
5788  Essertes	0	0
5785  Corcelles-le-Jorat	0	0
5782  Carrouge (VD)	0	0
578  Gündlischwand	0	0
577  Gsteigwiler	0	0
5766  Vuiteboeuf	0	0
5765  Vaulion	0	0
5764  Vallorbe	1	299
5763  Valeyres-sous-Rances	0	0
5762  Sergey	0	0
5761  Romainmôtier-Envy	0	0
5760  Rances	0	0
576  Grindelwald	0	0
5759  Premier	0	0
5758  La Praz	0	0
5757  Orbe	4	1406
5756  Montcherand	0	0
5755  Lignerolle	0	0
5754  Juriens	0	0
5752  Croy	0	0
5751  Corcelles-sur-Chavornay	0	0
5750  Les Clées	0	0
575  Därligen	0	0
5749  Chavornay	1	358
5748  Bretonnières	0	0
5747  Bofflens	0	0
5746  Bavois	0	0
5745  Baulmes	0	0
5744  Ballaigues	1	657
5743  Arnex-sur-Orbe	0	0
5742  Agiez	0	0
5741  L'Abergement	0	0
574  Brienzwiler	0	0
5732  Vich	0	0
5731  Le Vaud	0	0
5730  Trélex	0	0
573  Brienz (BE)	0	0
5729  Tannay	0	0
5728  Signy-Avenex	0	0
5727  Saint-Cergue	0	0
5726  La Rippe	0	0
5725  Prangins	1	963
5724  Nyon	6	2247
5723  Mies	0	0
5722  Grens	0	0
5721  Gland	1	338
5720  Givrins	0	0
572  Bönigen	0	0
5719  Gingins	0	0
5718  Genolier	1	356
5717  Founex	1	325
5716  Eysins	0	0
5715  Duillier	0	0
5714  Crassier	0	0
5713  Crans-près-Céligny	0	0
5712  Coppet	0	0
5711  Commugny	0	0
5710  Coinsins	0	0
571  Beatenberg	0	0
5709  Chéserex	0	0
5708  Chavannes-des-Bois	0	0
5707  Chavannes-de-Bogis	0	0
5706  Borex	0	0
5705  Bogis-Bossey	0	0
5704  Begnins	0	0
5703  Bassins	0	0
5702  Arzier	0	0
5701  Arnex-sur-Nyon	0	0
57  Freienstein-Teufen	0	0
5693  Montanaire	0	0
5692  Vucherens	0	0
5690  Villars-le-Comte	0	0
5688  Syens	0	0
5686  Sarzens	0	0
5684  Rossenges	0	0
5683  Prévonloup	0	0
5680  Ogens	0	0
5678  Moudon	0	0
5675  Lucens	0	0
5674  Lovatens	0	0
5673  Hermenches	0	0
5672  Forel-sur-Lucens	0	0
5671  Dompierre (VD)	0	0
567  Reichenbach im Kandertal	0	0
5669  Curtilles	0	0
5668  Cremin	0	0
5666  Chesalles-sur-Moudon	0	0
5665  Chavannes-sur-Moudon	0	0
5663  Bussy-sur-Moudon	0	0
5662  Brenles	0	0
5661  Boulens	0	0
566  Krattigen	0	0
5655  Yens	0	0
5654  Vullierens	0	0
5653  Vufflens-le-Château	0	0
5652  Villars-sous-Yens	0	0
5651  Villars-Sainte-Croix	0	0
5650  Vaux-sur-Morges	0	0
565  Kandersteg	0	0
5649  Tolochenaz	2	753
5648  Saint-Sulpice (VD)	0	0
5646  Saint-Prex	2	891
5645  Romanel-sur-Morges	0	0
5644  Reverolle	0	0
5643  Préverenges	0	0
5642  Morges	1	902
5640  Lussy-sur-Morges	0	0
564  Kandergrund	0	0
5639  Lully (VD)	0	0
5638  Lonay	0	0
5637  Lavigny	1	570
5636  Etoy	1	446
5635  Ecublens (VD)	5	7083
5634  Echichens	0	0
5633  Echandens	0	0
5632  Denges	0	0
5631  Denens	0	0
563  Frutigen	1	293
5629  Clarmont	0	0
5628  Chigny	0	0
5627  Chavannes-près-Renens	1	1267
5625  Bussy-Chardonney	0	0
5624  Bussigny-près-Lausanne	2	705
5623  Buchillon	0	0
5622  Bremblens	0	0
5621  Aclens	1	578
562  Aeschi bei Spiez	0	0
5613  Bourg-en-Lavaux	0	0
5611  Savigny	0	0
5610  Saint-Saphorin (Lavaux)	0	0
561  Adelboden	0	0
5609  Rivaz	0	0
5607  Puidoux	0	0
5606  Lutry	0	0
5604  Forel (Lavaux)	0	0
5601  Chexbres	0	0
56  Embrach	0	0
5592  Romanel-sur-Lausanne	0	0
5591  Renens (VD)	6	3597
5590  Pully	0	0
5589  Prilly	5	2686
5588  Paudex	0	0
5587  Le Mont-sur-Lausanne	1	276
5586  Lausanne	34	23998
5585  Jouxtens-Mézery	0	0
5584  Epalinges	0	0
5583  Crissier	2	661
5582  Cheseaux-sur-Lausanne	2	1103
5581  Belmont-sur-Lausanne	0	0
5571  Tévenon	0	0
557  Zuzwil (BE)	0	0
5568  Sainte-Croix	0	0
5566  Provence	0	0
5565  Onnens (VD)	0	0
5564  Novalles	0	0
5563  Mutrux	0	0
5562  Mauborget	0	0
5561  Grandson	0	0
5560  Grandevent	0	0
556  Zielebach	0	0
5559  Giez	0	0
5557  Fontaines-sur-Grandson	0	0
5556  Fiez	0	0
5555  Corcelles-près-Concise	0	0
5554  Concise	0	0
5553  Champagne	0	0
5552  Bullet	0	0
5551  Bonvillars	0	0
555  Zauggenried	0	0
5541  Goumoëns	0	0
5540  Montilliez	0	0
554  Wiler bei Utzenstorf	0	0
5539  Vuarrens	0	0
5537  Villars-le-Terroir	0	0
5535  Saint-Barthélemy (VD)	0	0
5534  Rueyres	0	0
5533  Poliez-Pittet	0	0
5531  Penthéréaz	0	0
5530  Pailly	0	0
553  Wiggiswil	0	0
5529  Oulens-sous-Echallens	0	0
5527  Morrens (VD)	0	0
5523  Froideville	0	0
5522  Fey	0	0
5521  Etagnières	0	0
5520  Essertines-sur-Yverdon	0	0
552  Utzenstorf	0	0
5518  Echallens	0	0
5516  Cugy (VD)	0	0
5515  Bretigny-sur-Morrens	0	0
5514  Bottens	0	0
5513  Bioley-Orjulaz	0	0
5512  Bercher	0	0
5511  Assens	0	0
551  Urtenen-Schönbühl	1	307
5503  Vufflens-la-Ville	0	0
5501  Sullens	0	0
5500  Sévery	0	0
550  Scheunen	0	0
55  Eglisau	0	0
5499  Senarclens	0	0
5498  La Sarraz	0	0
5497  Pompaples	1	400
5496  Penthaz	0	0
5495  Penthalaz	0	0
5494  Pampigny	0	0
5493  Orny	0	0
5492  Montricher	0	0
5491  Mont-la-Ville	0	0
5490  Moiry	0	0
549  Schalunen	0	0
5489  Mex (VD)	1	1013
5488  Mauraz	0	0
5487  Lussery-Villars	0	0
5486  L'Isle	0	0
5485  Grancy	0	0
5484  Gollion	0	0
5483  Ferreyres	0	0
5482  Eclépens	1	320
5481  Dizy	0	0
5480  Daillens	1	433
5479  Cuarnens	0	0
5478  Cottens (VD)	0	0
5477  Cossonay	0	0
5476  Chevilly	0	0
5475  Chavannes-le-Veyron	0	0
5474  La Chaux (Cossonay)	0	0
5473  Boussens	0	0
5472  Bournens	0	0
5471  Bettens	0	0
547  Münchringen	0	0
5464  Vully-les-Lacs	0	0
546  Münchenbuchsee	1	403
5458  Faoug	0	0
5456  Cudrefin	0	0
5451  Avenches	1	558
545  Mülchi	0	0
544  Moosseedorf	4	2155
5437  Saubraz	0	0
5436  Saint-Oyens	0	0
5435  Saint-Livres	0	0
5434  Saint-George	0	0
5432  Montherod	0	0
5431  Mollens (VD)	0	0
5430  Marchissy	0	0
543  Mattstetten	0	0
5429  Longirod	0	0
5428  Gimel	0	0
5427  Féchy	0	0
5426  Bougy-Villars	0	0
5425  Bière	0	0
5424  Berolle	0	0
5423  Ballens	0	0
5422  Aubonne	1	304
5421  Apples	0	0
542  Limpach	0	0
5415  Yvorne	0	0
5414  Villeneuve (VD)	0	0
5413  Roche (VD)	0	0
5412  Rennaz	0	0
5411  Ormont-Dessus	0	0
5410  Ormont-Dessous	0	0
541  Iffwil	0	0
5409  Ollon	0	0
5408  Noville	0	0
5407  Leysin	0	0
5406  Lavey-Morcles	0	0
5405  Gryon	0	0
5404  Corbeyrier	0	0
5403  Chessel	0	0
5402  Bex	0	0
5401  Aigle	1	257
540  Jegenstorf	1	346
54  Dietlikon	0	0
5398  Gambarogno	0	0
5397  Centovalli	0	0
5396  Terre di Pedemonte	0	0
539  Grafenried	0	0
538  Fraubrunnen	0	0
537  Etzelkofen	0	0
536  Diemerswil	0	0
535  Deisswil bei Münchenbuchsee	0	0
534  Büren zum Hof	0	0
533  Bätterkinden	0	0
5324  Avegno Gordevio	0	0
5323  Lavizzara	0	0
532  Bangerten	0	0
5317  Maggia	0	0
5315  Linescio	0	0
5310  Cevio	0	0
5309  Cerentino	0	0
5307  Campo (Vallemaggia)	0	0
5304  Bosco/Gurin	0	0
53  Bülach	2	1742
5286  Osogna	0	0
5285  Lodrino	0	0
5284  Iragna	0	0
5283  Cresciano	0	0
5282  Claro	0	0
5281  Biasca	0	0
5269  Breggia	0	0
5268  Vacallo	0	0
5266  Stabio	4	1786
5263  Riva San Vitale	0	0
5260  Novazzano	1	458
5257  Morbio Inferiore	0	0
5254  Mendrisio	8	3846
5251  Coldrerio	1	385
5250  Chiasso	0	0
5249  Castel San Pietro	1	270
5242  Balerna	0	0
5238  Monteceneri	1	310
5237  Alto Malcantone	0	0
5236  Collina d'Oro	1	294
5233  Vico Morcote	0	0
5231  Vezia	0	0
5230  Vernate	0	0
5227  Torricella-Taverne	0	0
5226  Capriasca	0	0
5225  Sorengo	0	0
5222  Sessa	0	0
5221  Savosa	0	0
5219  Rovio	0	0
5216  Pura	0	0
5214  Porza	0	0
5213  Ponte Tresa	0	0
5212  Ponte Capriasca	0	0
5210  Paradiso	0	0
5208  Origlio	0	0
5207  Novaggio	0	0
5206  Neggio	0	0
5205  Muzzano	1	310
5203  Morcote	0	0
5202  Monteggio	1	273
5200  Miglieglia	0	0
52  Bassersdorf	0	0
5199  Mezzovico-Vira	1	519
5198  Melide	0	0
5197  Melano	0	0
5196  Massagno	0	0
5195  Maroggia	0	0
5194  Manno	3	1337
5193  Magliaso	0	0
5192  Lugano	10	6750
5189  Lamone	0	0
5187  Gravesano	0	0
5186  Grancia	0	0
5181  Curio	0	0
5180  Cureglia	0	0
5178  Croglio	0	0
5176  Comano	1	678
5171  Caslano	1	322
5167  Canobbio	0	0
5162  Cadempino	1	256
5161  Cademario	0	0
5160  Brusino Arsizio	0	0
5154  Bissone	0	0
5151  Bioggio	2	769
5149  Bedigliora	0	0
5148  Bedano	0	0
5146  Astano	0	0
5144  Arogno	0	0
5143  Aranno	0	0
5141  Agno	1	318
5138  Cugnasco-Gerra	0	0
5137  Isorno	0	0
5136  Onsernone	0	0
5135  Vogorno	0	0
5132  Vergeletto	0	0
5131  Tenero-Contra	0	0
5129  Sonogno	0	0
5125  Ronco sopra Ascona	0	0
5121  Orselina	0	0
5120  Muralto	0	0
5119  Mosogno	0	0
5118  Minusio	0	0
5117  Mergoscia	0	0
5115  Losone	1	306
5113  Locarno	4	1780
5112  Lavertezzo	0	0
5109  Gresso	0	0
5108  Gordola	0	0
5105  Frasco	0	0
5102  Corippo	0	0
51  Bachenbülach	0	0
5097  Brissago	1	302
5096  Brione sopra Minusio	0	0
5095  Brione (Verzasca)	0	0
5091  Ascona	0	0
5081  Sobrio	0	0
5079  Quinto	0	0
5078  Prato (Leventina)	0	0
5077  Pollegio	0	0
5076  Personico	0	0
5073  Giornico	0	0
5072  Faido	0	0
5071  Dalpe	0	0
5064  Bodio	0	0
5063  Bedretto	0	0
5061  Airolo	0	0
5050  Serravalle	0	0
5049  Blenio	0	0
5048  Acquarossa	0	0
502  Vinelz	0	0
5019  Sementina	0	0
5018  Sant'Antonio	0	0
5017  Sant'Antonino	0	0
5015  Preonzo	0	0
5014  Pianezzo	0	0
5013  Monte Carasso	0	0
5012  Moleno	0	0
5010  Lumino	0	0
501  Tschugg	1	335
5009  Isone	0	0
5008  Gudo	0	0
5007  Gorduno	0	0
5006  Gnosca	0	0
5005  Giubiasco	0	0
5004  Camorino	0	0
5003  Cadenazzo	0	0
5002  Bellinzona	5	2745
5001  Arbedo-Castione	0	0
500  Treiten	0	0
5  Hedingen	1	432
499  Siselen	0	0
498  Müntschemier	1	487
497  Lüscherz	0	0
496  Ins	0	0
4951  Wigoltingen	0	0
495  Gampelen	0	0
4946  Weinfelden	2	1041
4941  Märstetten	0	0
494  Gals	0	0
493  Finsterhennen	0	0
4921  Bussnang	1	1561
492  Erlach	0	0
4911  Bürglen (TG)	0	0
491  Brüttelen	0	0
4901  Birwinken	0	0
4891  Berg (TG)	0	0
4881  Amlikon-Bissegg	0	0
4871  Wagenhausen	0	0
4864  Steckborn	1	298
4851  Salenstein	0	0
4846  Raperswilen	0	0
4841  Pfyn	0	0
4831  Müllheim	0	0
4826  Mammern	0	0
4821  Hüttwilen	0	0
4816  Homburg	0	0
4811  Herdern	0	0
4806  Eschenz	0	0
4801  Berlingen	0	0
4791  Wuppenau	0	0
4786  Wilen (TG)	0	0
4781  Wängi	0	0
4776  Tobel-Tägerschen	0	0
4761  Sirnach	1	501
4756  Schönholzerswilen	0	0
4751  Rickenbach (TG)	0	0
4746  Münchwilen (TG)	1	273
4741  Lommis	0	0
4726  Fischingen	0	0
4724  Eschlikon	0	0
4723  Braunau	0	0
4721  Bichelsee-Balterswil	0	0
4716  Bettwiesen	0	0
4711  Affeltrangen	0	0
4701  Wäldi	0	0
4696  Tägerwilen	1	527
4691  Münsterlingen	2	1924
4683  Lengwil	0	0
4681  Langrickenbach	0	0
4671  Kreuzlingen	4	1812
4666  Kemmental	0	0
4656  Güttingen	0	0
4651  Gottlieben	0	0
4646  Ermatingen	0	0
4643  Bottighofen	0	0
4641  Altnau	0	0
4621  Warth-Weiningen	0	0
4616  Uesslingen-Buch	0	0
4611  Thundorf	0	0
4606  Stettfurt	0	0
4601  Neunforn	0	0
4591  Matzingen	0	0
4590  Hüttlingen	0	0
4571  Gachnang	0	0
4566  Frauenfeld	5	2998
4561  Felben-Wellhausen	1	289
4551  Aadorf	1	410
4546  Schlatt (TG)	0	0
4545  Diessenhofen	0	0
4536  Basadingen-Schlattingen	0	0
4511  Zihlschlacht-Sitterdorf	1	359
4506  Sulgen	1	267
4501  Kradolf-Schönenberg	0	0
4495  Hohentannen	0	0
4486  Hauptwil-Gottshaus	0	0
448  Villeret	1	329
4476  Erlen	1	271
4471  Bischofszell	1	821
447  Vauffelin	0	0
4461  Amriswil	1	518
446  Tramelan	0	0
4451  Uttwil	0	0
445  Sonvilier	0	0
4446  Sommeri	0	0
4441  Salmsach	0	0
444  Sonceboz-Sombeval	2	831
4436  Romanshorn	1	275
4431  Roggwil (TG)	0	0
443  Saint-Imier	3	1204
4426  Kesswil	0	0
4421  Horn	0	0
442  Romont (BE)	0	0
4416  Hefenhofen	0	0
4411  Egnach	0	0
441  Renan (BE)	0	0
4406  Dozwil	0	0
4401  Arbon	1	297
440  Plagne	0	0
44  Waltalingen	0	0
439  Péry	0	0
438  Orvin	0	0
437  Mont-Tramelan	0	0
436  La Heutte	0	0
435  La Ferrière	0	0
434  Courtelary	0	0
433  Cortébert	0	0
4323  Bad Zurzach	2	776
4322  Wislikofen	0	0
4321  Unterendingen	0	0
4320  Tegerfelden	0	0
432  Cormoret	0	0
4319  Siglistorf	0	0
4318  Schneisingen	0	0
4317  Rümikon	0	0
4316  Rietheim	0	0
4315  Rekingen (AG)	0	0
4314  Mellikon	0	0
4313  Leuggern	0	0
4312  Lengnau (AG)	0	0
4311  Leibstadt	1	613
4310  Koblenz	0	0
431  Corgémont	0	0
4309  Klingnau	0	0
4308  Kaiserstuhl	0	0
4307  Full-Reuenthal	0	0
4306  Fisibach	0	0
4305  Endingen	0	0
4304  Döttingen	1	471
4303  Böttstein	0	0
4302  Böbikon	0	0
4301  Baldingen	0	0
43  Volken	0	0
4289  Zofingen	4	1909
4288  Wiliberg	0	0
4287  Vordemwald	0	0
4286  Uerkheim	0	0
4285  Strengelbach	1	440
4284  Staffelbach	0	0
4283  Safenwil	0	0
4282  Rothrist	2	668
4281  Reitnau	0	0
4280  Oftringen	0	0
4279  Murgenthal	0	0
4277  Moosleerau	0	0
4276  Kölliken	0	0
4275  Kirchleerau	0	0
4274  Brittnau	0	0
4273  Bottenwil	0	0
4272  Attelwil	0	0
4271  Aarburg	1	314
4264  Zuzgen	0	0
4263  Zeiningen	0	0
4262  Wegenstetten	0	0
4261  Wallbach	0	0
4260  Stein (AG)	2	2157
4259  Schupfart	0	0
4258  Rheinfelden	4	1750
4257  Olsberg	0	0
4256  Obermumpf	0	0
4255  Mumpf	0	0
4254  Möhlin	2	609
4253  Magden	0	0
4252  Kaiseraugst	2	2402
4251  Hellikon	0	0
4240  Waltenschwil	0	0
424  Wynigen	0	0
4239  Sins	0	0
4238  Rottenschwil	0	0
4237  Oberrüti	0	0
4236  Muri (AG)	2	882
4235  Mühlau	0	0
4234  Merenschwand	0	0
4233  Kallern	0	0
4232  Geltwil	0	0
4231  Dietwil	0	0
4230  Buttwil	0	0
423  Willadingen	0	0
4229  Bünzen	0	0
4228  Boswil	0	0
4227  Bettwil	0	0
4226  Besenbüren	0	0
4224  Beinwil (Freiamt)	0	0
4223  Auw	0	0
4222  Aristau	0	0
4221  Abtwil	0	0
422  Rüti bei Lyssach	0	0
4210  Staufen	0	0
421  Rumendingen	0	0
4209  Seon	0	0
4208  Seengen	0	0
4207  Schafisheim	2	756
4206  Rupperswil	0	0
4205  Othmarsingen	1	384
4204  Niederlenz	0	0
4203  Möriken-Wildegg	0	0
4202  Meisterschwanden	0	0
4201  Lenzburg	2	921
4200  Hunzenschwil	0	0
420  Rüdtligen-Alchenflüh	1	311
42  Unterstammheim	0	0
4199  Holderbank (AG)	1	379
4198  Hendschiken	0	0
4197  Hallwil	0	0
4196  Fahrwangen	0	0
4195  Egliswil	0	0
4194  Dintikon	0	0
4193  Brunegg	0	0
4192  Boniswil	0	0
4191  Ammerswil	0	0
419  Oberösch	0	0
4184  Mettauertal	0	0
4183  Zeihen	0	0
4182  Wölflinswil	0	0
4181  Wittnau	0	0
418  Oberburg	0	0
4179  Ueken	0	0
4177  Sisseln	1	528
4176  Schwaderloch	0	0
4175  Oeschgen	0	0
4173  Oberhof	0	0
4172  Münchwilen (AG)	1	271
4170  Laufenburg	1	319
417  Niederösch	0	0
4169  Kaisten	0	0
4167  Hornussen	0	0
4166  Herznach	0	0
4165  Gipf-Oberfrick	0	0
4164  Gansingen	0	0
4163  Frick	1	357
4161  Eiken	1	468
416  Mötschwil	0	0
415  Lyssach	0	0
4147  Zetzwil	0	0
4146  Unterkulm	1	286
4145  Teufenthal (AG)	0	0
4144  Schöftland	0	0
4143  Schmiedrued	0	0
4142  Schlossrued	0	0
4141  Reinach (AG)	0	0
4140  Oberkulm	1	266
414  Krauchthal	0	0
4139  Menziken	1	330
4138  Leutwil	0	0
4137  Leimbach (AG)	0	0
4136  Holziken	0	0
4135  Gontenschwil	0	0
4134  Dürrenäsch	1	322
4133  Burg (AG)	0	0
4132  Birrwil	0	0
4131  Beinwil am See	0	0
413  Koppigen	0	0
4124  Bözberg	0	0
4123  Windisch	3	1644
4122  Villnachern	0	0
4121  Villigen	1	850
4120  Veltheim (AG)	0	0
412  Kirchberg (BE)	1	419
4117  Thalheim (AG)	0	0
4115  Schinznach-Dorf	0	0
4114  Schinznach-Bad	1	343
4113  Scherz	0	0
4112  Rüfenach	0	0
4111  Riniken	0	0
4110  Remigen	0	0
411  Kernenried	0	0
4109  Oberflachs	0	0
4107  Mülligen	0	0
4106  Mönthal	0	0
4105  Mandach	0	0
4104  Lupfig	1	272
4100  Hausen (AG)	1	690
410  Höchstetten	0	0
41  Truttikon	0	0
4099  Habsburg	0	0
4097  Elfingen	0	0
4096  Effingen	0	0
4095  Brugg	0	0
4094  Bözen	0	0
4093  Birrhard	0	0
4092  Birr	2	1385
4091  Auenstein	0	0
409  Hindelbank	0	0
4084  Islisberg	0	0
4083  Zufikon	0	0
4082  Wohlen (AG)	0	0
4081  Widen	0	0
4080  Villmergen	1	337
408  Hellsau	0	0
4079  Unterlunkhofen	0	0
4078  Uezwil	0	0
4077  Tägerig	0	0
4076  Sarmenstorf	0	0
4075  Rudolfstetten-Friedlisberg	0	0
4074  Oberwil-Lieli	0	0
4073  Oberlunkhofen	0	0
4072  Niederwil (AG)	1	385
4071  Jonen	0	0
407  Heimiswil	0	0
4069  Hermetschwil-Staffeln	0	0
4068  Hägglingen	1	273
4067  Fischbach-Göslikon	0	0
4066  Eggenwil	0	0
4065  Dottikon	1	415
4064  Büttikon	0	0
4063  Bremgarten (AG)	0	0
4062  Berikon	0	0
4061  Arni (AG)	0	0
406  Hasle bei Burgdorf	0	0
405  Ersigen	0	0
4049  Ehrendingen	0	0
4048  Würenlos	1	334
4047  Würenlingen	2	1331
4046  Wohlenschwil	0	0
4045  Wettingen	1	283
4044  Untersiggenthal	1	1151
4042  Turgi	1	324
4041  Stetten (AG)	0	0
4040  Spreitenbach	2	784
404  Burgdorf	2	1277
4039  Remetschwil	0	0
4038  Obersiggenthal	0	0
4037  Oberrohrdorf	0	0
4035  Niederrohrdorf	0	0
4034  Neuenhof	0	0
4033  Mellingen	0	0
4032  Mägenwil	0	0
4031  Künten	0	0
4030  Killwangen	0	0
403  Bäriswil	0	0
4029  Gebenstorf	0	0
4028  Freienwil	0	0
4027  Fislisbach	0	0
4026  Ennetbaden	0	0
4024  Birmenstorf (AG)	0	0
4023  Bergdietikon	1	294
4022  Bellikon	1	508
4021  Baden	9	10261
402  Alchenstorf	0	0
4013  Unterentfelden	1	337
4012  Suhr	4	1827
4010  Oberentfelden	1	562
401  Aefligen	0	0
4009  Muhen	0	0
4008  Küttigen	0	0
4007  Hirschthal	1	259
4006  Gränichen	1	633
4005  Erlinsbach (AG)	0	0
4004  Densbüren	0	0
4003  Buchs (AG)	4	1812
4002  Biberstein	0	0
4001  Aarau	9	7975
40  Trüllikon	0	0
4  Hausen am Albis	0	0
3987  Trun	0	0
3986  Tujetsch	0	0
3985  Sumvitg	0	0
3983  Medel (Lucmagn)	0	0
3982  Disentis/Mustér	0	0
3981  Breil/Brigels	0	0
3972  Seewis im Prättigau	0	0
3962  Schiers	0	0
3961  Grüsch	0	0
3955  Landquart	2	788
3954  Malans	0	0
3953  Maienfeld	0	0
3952  Jenins	0	0
3951  Fläsch	0	0
3947  Zizers	0	0
3946  Untervaz	0	0
3945  Trimmis	0	0
3941  Haldenstein	0	0
394  Wengi	0	0
3932  Tschiertschen-Praden	0	0
393  Rüti bei Büren	0	0
3926  Maladers	0	0
3921  Arosa	0	0
392  Pieterlen	0	0
3911  Churwalden	0	0
391  Oberwil bei Büren	0	0
3901  Chur	4	2757
390  Meinisberg	0	0
39  Thalheim an der Thur	0	0
3893  St. Antönien	0	0
3891  Luzein	0	0
389  Meienried	0	0
3883  Saas	0	0
3882  Küblis	0	0
3881  Conters im Prättigau	0	0
388  Leuzigen	0	0
3871  Klosters-Serneus	0	0
387  Lengnau (BE)	1	294
3863  Jenaz	0	0
3862  Furna	0	0
3861  Fideris	0	0
386  Dotzigen	1	337
3851  Davos	1	364
385  Diessbach bei Büren	0	0
3847  Val Müstair	0	0
3836  Verdabbio	0	0
3835  San Vittore	0	0
3834  Roveredo (GR)	0	0
3833  Leggia	0	0
3832  Grono	0	0
3831  Cama	0	0
383  Büren an der Aare	1	442
3823  Soazza	0	0
3822  Mesocco	0	0
3821  Lostallo	0	0
382  Büetigen	0	0
3811  Selma	0	0
3810  Santa Maria in Calanca	0	0
381  Arch	0	0
3808  Rossa	0	0
3806  Cauco	0	0
3805  Castaneda	0	0
3804  Buseno	0	0
3803  Braggio	0	0
3801  Arvigo	0	0
38  Rheinau	0	0
3792  Bregaglia	0	0
3791  Zuoz	0	0
3790  Silvaplana	0	0
3789  Sils im Engadin/Segl	0	0
3788  S-chanf	0	0
3787  St. Moritz	3	1023
3786  Samedan	1	336
3785  La Punt-Chamues-ch	0	0
3784  Pontresina	0	0
3783  Madulain	0	0
3782  Celerina/Schlarigna	0	0
3781  Bever	0	0
3764  Valsot	0	0
3763  Sent	0	0
3762  Scuol	0	0
3761  Ftan	0	0
3752  Samnaun	0	0
3746  Zernez	0	0
3745  Tarasp	0	0
3744  Susch	0	0
3743  Lavin	0	0
3742  Guarda	0	0
3741  Ardez	0	0
3734  Trin	0	0
3733  Tamins	0	0
3732  Flims	0	0
3731  Felsberg	0	0
3723  Rhäzüns	0	0
3722  Domat/Ems	1	993
3721  Bonaduz	1	660
372  Evilard	0	0
3713  Ferrera	0	0
3712  Zillis-Reischen	0	0
3711  Rongellen	0	0
371  Biel/Bienne	8	6480
3708  Mathon	0	0
3707  Lohn (GR)	0	0
3705  Donat	0	0
3703  Casti-Wergenstein	0	0
3701  Andeer	0	0
37  Ossingen	0	0
3695  Sufers	0	0
3694  Splügen	0	0
3693  Nufenen	0	0
3691  Hinterrhein	0	0
3681  Avers	0	0
3672  Safiental	0	0
3671  Tomils	0	0
3670  Urmein	0	0
3669  Tschappina	0	0
3668  Thusis	0	0
3663  Masein	0	0
3662  Flerden	0	0
3661  Cazis	0	0
3640  Sils im Domleschg	0	0
3638  Scharans	0	0
3637  Rothenbrunnen	0	0
3636  Rodels	0	0
3635  Pratval	0	0
3634  Paspels	0	0
3633  Fürstenau	0	0
3631  Almens	0	0
363  Ostermundigen	1	429
362  Ittigen	7	3509
3618  Lumnezia	0	0
3617  Mundaun	0	0
3616  Waltensburg/Vuorz	0	0
3615  Siat	0	0
3614  Rueun	0	0
3613  Pigniu	0	0
3612  Obersaxen	0	0
3611  Andiast	0	0
361  Zollikofen	2	862
3603  Vals	0	0
360  Wohlen bei Bern	0	0
36  Oberstammheim	0	0
3598  St. Martin	0	0
3593  Duvin	0	0
359  Vechigen	0	0
3584  Sevgein	0	0
3583  Schnaus	0	0
3582  Schluein	0	0
3581  Sagogn	0	0
3580  Ruschein	0	0
358  Stettlen	0	0
3579  Riein	0	0
3578  Pitasch	0	0
3577  Luven	0	0
3576  Ladir	0	0
3575  Laax	0	0
3574  Ilanz	0	0
3572  Falera	0	0
3571  Castrisch	0	0
357  Oberbalm	0	0
3561  Poschiavo	0	0
356  Muri bei Bern	3	1168
3551  Brusio	0	0
355  Köniz	9	5541
3541  Tinizong-Rona	0	0
3540  Sur	0	0
354  Kirchlindach	0	0
3539  Savognin	0	0
3538  Salouf	0	0
3536  Riom-Parsonz	0	0
3534  Mulegns	0	0
3533  Marmorera	0	0
3532  Cunter	0	0
3531  Bivio	0	0
353  Bremgarten bei Bern	0	0
3522  Filisur	0	0
3521  Bergün/Bravuogn	0	0
352  Bolligen	0	0
3515  Surava	0	0
3514  Schmitten (GR)	0	0
3513  Lantsch/Lenz	0	0
3512  Brienz/Brinzauls	0	0
3511  Alvaneu	0	0
351  Bern	71	49039
3506  Vaz/Obervaz	0	0
3505  Tiefencastel	0	0
3504  Stierva	0	0
3503  Mutten	0	0
3502  Mon	0	0
3501  Alvaschein	0	0
35  Marthalen	0	0
345  Wynau	0	0
3444  Waldkirch	0	0
3443  Gossau (SG)	4	2092
3442  Gaiserwald	0	0
3441  Andwil (SG)	0	0
344  Ursenbach	0	0
3427  Wil (SG)	3	1701
3426  Zuzwil (SG)	0	0
3424  Oberbüren	0	0
3423  Niederhelfenschwil	0	0
3422  Niederbüren	0	0
342  Thunstetten	1	442
341  Schwarzhäusern	0	0
3408  Uzwil	1	2636
3407  Oberuzwil	0	0
3405  Jonschwil	0	0
3402  Flawil	0	0
3401  Degersheim	0	0
340  Rütschelen	0	0
34  Laufen-Uhwiesen	0	0
3395  Bütschwil-Ganterschwil	0	0
3394  Mosnang	0	0
3393  Lütisburg	0	0
3392  Kirchberg (SG)	2	968
339  Rohrbachgraben	0	0
338  Rohrbach	0	0
3379  Wattwil	0	0
3378  Neckertal	0	0
3375  Oberhelfenschwil	0	0
3374  Lichtensteig	0	0
3372  Hemberg	0	0
337  Roggwil (BE)	0	0
3360  Nesslau	0	0
336  Reisiswil	0	0
3359  Wildhaus-Alt St. Johann	0	0
3352  Ebnat-Kappel	0	0
335  Oeschenbach	0	0
3342  Eschenbach (SG)	2	698
3341  Gommiswald	0	0
3340  Rapperswil-Jona	4	1540
334  Obersteckholz	0	0
3339  Uznach	1	415
3338  Schmerikon	0	0
333  Melchnau	0	0
332  Madiswil	0	0
3316  Weesen	0	0
3315  Schänis	0	0
3313  Kaltbrunn	0	0
3312  Benken (SG)	0	0
3311  Amden	0	0
331  Lotzwil	0	0
33  Kleinandelfingen	0	0
3298  Walenstadt	1	383
3297  Vilters-Wangs	0	0
3296  Sargans	1	357
3295  Quarten	0	0
3294  Pfäfers	2	757
3293  Mels	0	0
3292  Flums	1	276
3291  Bad Ragaz	1	590
329  Langenthal	4	2342
3276  Wartau	1	316
3275  Sevelen	2	763
3274  Sennwald	2	995
3273  Grabs	3	1136
3272  Gams	0	0
3271  Buchs (SG)	1	378
326  Gondiswil	0	0
3256  Rüthi (SG)	0	0
3255  Rebstein	0	0
3254  Oberriet (SG)	1	669
3253  Marbach (SG)	0	0
3252  Eichberg	0	0
3251  Altstätten	1	425
325  Busswil bei Melchnau	0	0
324  Bleienbach	0	0
3238  Widnau	0	0
3237  Thal	1	741
3236  St. Margrethen	0	0
3235  Rheineck	0	0
3234  Diepoldsau	2	648
3233  Berneck	0	0
3232  Balgach	2	1259
3231  Au (SG)	1	1193
323  Bannwil	0	0
322  Auswil	0	0
3219  Untereggen	0	0
3218  Tübach	0	0
3217  Steinach	1	338
3216  Rorschacherberg	0	0
3215  Rorschach	0	0
3214  Mörschwil	0	0
3213  Goldach	2	678
3212  Eggersriet	0	0
3211  Berg (SG)	0	0
321  Aarwangen	0	0
3204  Wittenbach	0	0
3203  St. Gallen	22	15431
3202  Muolen	0	0
3201  Häggenschwil	0	0
32  Humlikon	0	0
312  Seedorf (BE)	1	332
3111  Oberegg	0	0
311  Schüpfen	0	0
3105  Schwende	0	0
3104  Schlatt-Haslen	0	0
3103  Rüte	0	0
3102  Gonten	0	0
3101  Appenzell	0	0
310  Rapperswil (BE)	0	0
31  Henggart	0	0
309  Radelfingen	0	0
307  Meikirch	0	0
306  Lyss	0	0
305  Kappelen	0	0
304  Kallnach	0	0
3038  Wolfhalden	0	0
3037  Walzenhausen	0	0
3036  Wald (AR)	0	0
3035  Reute (AR)	0	0
3034  Rehetobel	0	0
3033  Lutzenberg	0	0
3032  Heiden	1	370
3031  Grub (AR)	0	0
303  Grossaffoltern	0	0
3025  Trogen	0	0
3024  Teufen (AR)	0	0
3023  Speicher	0	0
3022  Gais	0	0
3021  Bühler	0	0
302  Bargen (BE)	0	0
301  Aarberg	0	0
3007  Waldstatt	0	0
3006  Urnäsch	0	0
3005  Stein (AR)	0	0
3004  Schwellbrunn	0	0
3003  Schönengrund	0	0
3002  Hundwil	0	0
3001  Herisau	4	1795
30  Andelfingen	0	0
3  Bonstetten	0	0
2974  Wilchingen	0	0
2973  Trasadingen	0	0
2972  Oberhallau	0	0
2971  Hallau	0	0
2964  Stein am Rhein	0	0
2963  Ramsen	0	0
2962  Hemishofen	0	0
2961  Buch (SH)	0	0
2953  Siblingen	0	0
2952  Schleitheim	0	0
2951  Beggingen	0	0
2939  Schaffhausen	5	3684
2938  Rüdlingen	0	0
2937  Neuhausen am Rheinfall	1	341
2936  Merishausen	0	0
2933  Buchberg	0	0
2932  Beringen	1	726
2931  Bargen (SH)	0	0
2920  Thayngen	1	546
2919  Stetten (SH)	0	0
2917  Lohn (SH)	0	0
2915  Dörflingen	0	0
2914  Büttenhardt	0	0
2904  Neunkirch	0	0
2903  Löhningen	0	0
2901  Gächlingen	0	0
29  Flurlingen	0	0
2895  Waldenburg	0	0
2894  Titterten	0	0
2893  Reigoldswil	0	0
2892  Oberdorf (BL)	0	0
2891  Niederdorf	0	0
2890  Liedertswil	0	0
2889  Lauwil	0	0
2888  Langenbruck	0	0
2887  Lampenberg	0	0
2886  Hölstein	0	0
2885  Eptingen	0	0
2884  Diegten	0	0
2883  Bretzwil	0	0
2882  Bennwil	0	0
2881  Arboldswil	0	0
2869  Zunzgen	0	0
2868  Zeglingen	0	0
2867  Wittinsburg	0	0
2866  Wintersingen	0	0
2865  Wenslingen	0	0
2864  Thürnen	0	0
2863  Tenniken	0	0
2862  Tecknau	0	0
2861  Sissach	1	319
2860  Rünenberg	0	0
2859  Rümlingen	0	0
2858  Rothenfluh	0	0
2857  Rickenbach (BL)	0	0
2856  Ormalingen	0	0
2855  Oltingen	0	0
2854  Nusshof	0	0
2853  Maisprach	0	0
2852  Läufelfingen	0	0
2851  Kilchberg (BL)	0	0
2850  Känerkinden	0	0
2849  Itingen	0	0
2848  Hemmiken	0	0
2847  Häfelfingen	0	0
2846  Gelterkinden	0	0
2845  Diepflingen	0	0
2844  Buus	0	0
2843  Buckten	0	0
2842  Böckten	1	327
2841  Anwil	0	0
2834  Ziefen	0	0
2833  Seltisberg	0	0
2832  Ramlinsburg	0	0
2831  Pratteln	2	653
2830  Lupsingen	0	0
2829  Liestal	4	3028
2828  Lausen	0	0
2827  Hersberg	0	0
2826  Giebenach	0	0
2825  Füllinsdorf	0	0
2824  Frenkendorf	1	271
2823  Bubendorf	1	417
2822  Augst	1	286
2821  Arisdorf	0	0
28  Flaach	0	0
2793  Zwingen	0	0
2792  Wahlen	0	0
2791  Röschenz	0	0
2790  Roggenburg	0	0
2789  Nenzlingen	0	0
2788  Liesberg	2	615
2787  Laufen	1	362
2786  Grellingen	0	0
2785  Duggingen	0	0
2784  Dittingen	0	0
2783  Burg im Leimental	0	0
2782  Brislach	0	0
2781  Blauen	0	0
2775  Therwil	0	0
2774  Schönenbuch	0	0
2773  Reinach (BL)	2	1306
2772  Pfeffingen	0	0
2771  Oberwil (BL)	0	0
2770  Muttenz	5	2148
2769  Münchenstein	2	1422
2768  Ettingen	0	0
2767  Bottmingen	0	0
2766  Birsfelden	0	0
2765  Binningen	2	1903
2764  Biel-Benken	0	0
2763  Arlesheim	1	593
2762  Allschwil	4	2133
2761  Aesch (BL)	3	916
2703  Riehen	0	0
2702  Bettingen	0	0
2701  Basel	67	59399
27  Feuerthalen	0	0
2622  Zullwil	0	0
2621  Nunningen	0	0
2620  Meltingen	0	0
2619  Kleinlützel	0	0
2618  Himmelried	0	0
2617  Grindel	0	0
2616  Fehren	0	0
2615  Erschwil	0	0
2614  Büsserach	0	0
2613  Breitenbach	1	402
2612  Beinwil (SO)	0	0
2611  Bärschwil	0	0
261  Zürich	184	124278
2601  Solothurn	3	2140
26  Dorf	0	0
2586  Wangen bei Olten	2	1278
2585  Walterswil (SO)	0	0
2584  Starrkirch-Wil	0	0
2583  Schönenwerd	1	287
2582  Rickenbach (SO)	0	0
2581  Olten	5	2916
2580  Kappel (SO)	0	0
2579  Hägendorf	3	1088
2578  Gunzgen	0	0
2576  Gretzenbach	0	0
2575  Fulenbach	0	0
2574  Eppenberg-Wöschnau	0	0
2573  Dulliken	0	0
2572  Däniken	2	950
2571  Boningen	0	0
2556  Selzach	1	438
2555  Rüttenen	0	0
2554  Riedholz	0	0
2553  Oberdorf (SO)	0	0
2551  Lommiswil	0	0
2550  Langendorf	0	0
2549  Kammersrohr	0	0
2548  Hubersdorf	0	0
2547  Günsberg	0	0
2546  Grenchen	3	2185
2545  Flumenthal	0	0
2544  Feldbrunnen-St. Niklaus	0	0
2543  Bettlach	2	659
2542  Bellach	0	0
2541  Balm bei Günsberg	0	0
2535  Drei Höfe	0	0
2534  Zuchwil	3	1409
2532  Subingen	1	971
2530  Recherswil	0	0
2529  Oekingen	0	0
2528  Obergerlafingen	0	0
2527  Luterbach	0	0
2526  Lohn-Ammannsegg	0	0
2525  Kriegstetten	0	0
2524  Hüniken	0	0
2523  Horriwil	0	0
2520  Halten	0	0
2519  Gerlafingen	1	528
2518  Etziken	0	0
2517  Derendingen	0	0
2516  Deitingen	0	0
2514  Bolken	0	0
2513  Biberist	0	0
2511  Aeschi (SO)	0	0
251  Weiningen (ZH)	0	0
2503  Erlinsbach (SO)	0	0
2502  Wisen (SO)	0	0
2501  Winznau	0	0
2500  Trimbach	0	0
250  Urdorf	0	0
25  Dachsen	0	0
2499  Stüsslingen	0	0
2498  Rohr (SO)	0	0
2497  Obergösgen	0	0
2495  Niedergösgen	0	0
2493  Lostorf	0	0
2492  Kienberg	0	0
2491  Hauenstein-Ifenthal	0	0
249  Unterengstringen	0	0
2481  Witterswil	0	0
2480  Seewen	0	0
248  Uitikon	0	0
2479  Rodersdorf	0	0
2478  Nuglar-St. Pantaleon	0	0
2477  Metzerlen-Mariastein	0	0
2476  Hofstetten-Flüh	0	0
2475  Hochwald	0	0
2474  Gempen	0	0
2473  Dornach	0	0
2472  Büren (SO)	0	0
2471  Bättwil	0	0
247  Schlieren	3	2490
2464  Lüsslingen-Nennigkofen	0	0
2463  Unterramsern	0	0
2462  Tscheppach	0	0
2461  Schnottwil	0	0
246  Oetwil an der Limmat	0	0
2458  Mühledorf (SO)	0	0
2457  Messen	0	0
2456  Lüterswil-Gächliwil	0	0
2455  Lüterkofen-Ichertswil	0	0
2453  Kyburg-Buchegg	0	0
2452  Küttigkofen	0	0
2450  Hessigkofen	0	0
245  Oberengstringen	0	0
2449  Gossliwil	0	0
2446  Brügglen	0	0
2445  Biezwil	0	0
2444  Bibern (SO)	0	0
2442  Aetingen	0	0
2441  Aetigkofen	0	0
244  Geroldswil	1	263
243  Dietikon	8	3617
2429  Welschenrohr	0	0
2428  Mümliswil-Ramiswil	0	0
2427  Matzendorf	0	0
2426  Laupersdorf	0	0
2425  Holderbank (SO)	0	0
2424  Herbetswil	0	0
2423  Gänsbrunnen	0	0
2422  Balsthal	0	0
2421  Aedermannsdorf	0	0
242  Birmensdorf (ZH)	1	402
241  Aesch (ZH)	0	0
2408  Wolfwil	0	0
2407  Oensingen	2	869
2406  Oberbuchsiten	0	0
2405  Niederbuchsiten	1	312
2404  Neuendorf	1	847
2403  Kestenholz	0	0
2402  Härkingen	3	1361
2401  Egerkingen	0	0
24  Buch am Irchel	0	0
2338  La Verrerie	0	0
2337  Le Flon	0	0
2336  Semsales	0	0
2335  Saint-Martin (FR)	0	0
2333  Remaufens	0	0
2328  Granges (Veveyse)	0	0
2325  Châtel-Saint-Denis	0	0
2323  Bossonnens	0	0
2321  Attalens	0	0
2310  Zumholz	0	0
231  Zell (ZH)	0	0
2309  Wünnewil-Flamatt	1	294
2308  Ueberstorf	0	0
2307  Tentlingen	0	0
2306  Tafers	0	0
2305  Schmitten (FR)	0	0
2304  St. Ursen	0	0
2303  St. Silvester	0	0
2302  St. Antoni	0	0
2301  Rechthalten	0	0
2300  Plasselb	0	0
230  Winterthur	16	12376
23  Berg am Irchel	0	0
2299  Plaffeien	0	0
2298  Oberschrot	0	0
2296  Heitenried	0	0
2295  Bösingen	0	0
2294  Giffers	0	0
2293  Düdingen	0	0
2292  Brünisried	0	0
2291  Alterswil	0	0
229  Wiesendangen	0	0
2283  Wallenried	0	0
2281  Haut-Vully	0	0
2280  Bas-Vully	0	0
228  Turbenthal	0	0
2279  Villarepos	0	0
2278  Ulmiz	0	0
2277  Salvenach	0	0
2276  Ried bei Kerzers	0	0
2275  Murten	0	0
2274  Muntelier	0	0
2272  Misery-Courtion	0	0
2271  Meyriez	0	0
2270  Lurtigen	0	0
227  Seuzach	0	0
2266  Kleinbösingen	0	0
2265  Kerzers	0	0
2264  Jeuss	0	0
2262  Gurmels	0	0
2261  Greng	0	0
2260  Gempenach	0	0
226  Schlatt (ZH)	0	0
2259  Galmiz	0	0
2258  Fräschels	0	0
2257  Cressier (FR)	1	378
2254  Courtepin	2	1374
2251  Courlevon	0	0
2250  Courgevaux	0	0
225  Rickenbach (ZH)	0	0
2243  Barberêche	0	0
224  Pfungen	0	0
2235  La Sonnaz	0	0
2234  La Brillaz	0	0
2233  Hauterive (FR)	0	0
2231  Vuisternens-en-Ogoz	0	0
2230  Villarsel-sur-Marly	0	0
223  Neftenbach	0	0
2228  Villars-sur-Glâne	5	3781
2226  Treyvaux	0	0
2225  Senèdes	0	0
2223  Le Glèbe	0	0
2222  Rossens (FR)	0	0
2221  Prez-vers-Noréaz	0	0
2220  Le Mouret	0	0
222  Hofstetten (ZH)	0	0
2217  Ponthaux	0	0
2216  Pierrafortscha	0	0
2213  Noréaz	0	0
2211  Neyruz (FR)	0	0
221  Hettlingen	0	0
2208  Matran	0	0
2206  Marly	0	0
2200  Grolley	1	345
220  Hagenbuch	0	0
22  Benken (ZH)	0	0
2198  Granges-Paccot	2	873
2197  Givisiez	0	0
2196  Fribourg	4	1674
2194  Ferpicloz	0	0
2192  Farvagny	0	0
219  Elsau	0	0
2189  Ependes (FR)	0	0
2186  Cottens (FR)	0	0
2185  Corserey	0	0
2184  Corpataux-Magnedens	0	0
2183  Corminboeuf	0	0
218  Ellikon an der Thur	0	0
2179  Chésopelloz	0	0
2177  Chénens	0	0
2175  Belfaux	0	0
2174  Avry	0	0
2173  Autigny	0	0
2172  Autafond	0	0
2171  Arconciel	0	0
217  Elgg	0	0
2162  Bas-Intyamon	0	0
2160  Vuadens	0	0
216  Dinhard	0	0
2155  Vaulruz	0	0
2153  Sorens	0	0
2152  Sâles	0	0
215  Dättlikon	0	0
2149  La Roche	0	0
2148  Riaz	1	548
2147  Pont-la-Ville	0	0
2145  Le Pâquier (FR)	0	0
2143  Morlon	0	0
2140  Marsens	1	446
214  Dägerlen	0	0
2138  Jaun	0	0
2137  Hauteville	0	0
2135  Gruyères	0	0
2134  Grandvillard	0	0
2131  Echarlens	0	0
2130  Crésuz	0	0
213  Brütten	0	0
2129  Corbières	0	0
2128  Châtel-sur-Montsalvens	0	0
2127  Charmey	0	0
2126  Cerniat (FR)	0	0
2125  Bulle	4	1883
2124  Broc	1	333
2123  Botterens	0	0
2122  Pont-en-Ogoz	0	0
2121  Haut-Intyamon	0	0
212  Bertschikon	0	0
2116  La Folliaz	0	0
2115  Torny	0	0
2114  Villorsonnens	0	0
2113  Vuisternens-devant-Romont	0	0
2111  Villaz-Saint-Pierre	0	0
211  Altikon	0	0
2102  Ursy	0	0
21  Adlikon	0	0
2099  Siviriez	0	0
2097  Rue	0	0
2096  Romont (FR)	0	0
2089  Montet (Glâne)	0	0
2087  Mézières (FR)	0	0
2086  Massonnens	0	0
2079  Grangettes	0	0
2072  Ecublens (FR)	0	0
2068  Châtonnaye	0	0
2067  Le Châtelard	0	0
2066  Chapelle (Glâne)	0	0
2063  Billens-Hennens	0	0
2061  Auboranges	0	0
2052  Vernay	0	0
2051  Delley-Portalban	0	0
2050  Les Montets	0	0
2049  Vuissens	0	0
2047  Villeneuve (FR)	0	0
2045  Vallon	0	0
2044  Surpierre	0	0
2043  Sévaz	0	0
2041  Saint-Aubin (FR)	0	0
2040  Russy	0	0
2039  Rueyres-les-Prés	0	0
2038  Prévondavaux	0	0
2035  Nuvilly	0	0
2034  Murist	0	0
2033  Morens (FR)	0	0
2029  Montagny (FR)	0	0
2027  Ménières	0	0
2025  Lully (FR)	0	0
2024  Léchelles	0	0
2022  Gletterens	0	0
2016  Fétigny	0	0
2015  Estavayer-le-Lac	1	591
2014  Dompierre (FR)	0	0
2013  Domdidier	1	472
2011  Cugy (FR)	0	0
2010  Cheyres	0	0
2009  Cheiry	0	0
2008  Châtillon (FR)	0	0
2005  Châbles	0	0
2004  Bussy (FR)	0	0
200  Wangen-Brüttisellen	2	1458
2  Affoltern am Albis	1	593
199  Volketswil	3	1100
198  Uster	3	2099
197  Schwerzenbach	1	289
196  Mönchaltorf	0	0
195  Maur	0	0
194  Greifensee	1	280
193  Fällanden	1	577
192  Egg	0	0
191  Dübendorf	11	7406
182  Wildberg	0	0
181  Wila	0	0
180  Weisslingen	0	0
179  Sternenberg	0	0
178  Russikon	0	0
177  Pfäffikon	1	483
176  Lindau	0	0
175  Kyburg	0	0
174  Illnau-Effretikon	0	0
173  Hittnau	0	0
172  Fehraltorf	1	262
1711  Zug	9	5570
1710  Walchwil	0	0
171  Bauma	0	0
1709  Unterägeri	0	0
1708  Steinhausen	2	1069
1707  Risch	1	2395
1706  Oberägeri	0	0
1705  Neuheim	0	0
1704  Menzingen	0	0
1703  Hünenberg	0	0
1702  Cham	1	271
1701  Baar	4	2284
1632  Glarus	2	924
1631  Glarus Süd	1	410
1630  Glarus Nord	2	791
161  Zollikon	1	839
160  Zumikon	0	0
159  Uetikon am See	0	0
158  Stäfa	2	1620
157  Oetwil am See	1	510
156  Meilen	1	612
155  Männedorf	3	1541
154  Küsnacht (ZH)	0	0
153  Hombrechtikon	0	0
152  Herrliberg	0	0
1511  Wolfenschiessen	0	0
1510  Stansstad	0	0
151  Erlenbach (ZH)	0	0
1509  Stans	2	2143
1508  Oberdorf (NW)	0	0
1507  Hergiswil (NW)	1	372
1506  Ennetmoos	0	0
1505  Ennetbürgen	0	0
1504  Emmetten	0	0
1503  Dallenwil	0	0
1502  Buochs	0	0
1501  Beckenried	0	0
142  Wädenswil	1	505
141  Thalwil	0	0
1407  Sarnen	3	1074
1406  Sachseln	1	1144
1405  Lungern	1	328
1404  Kerns	0	0
1403  Giswil	0	0
1402  Engelberg	0	0
1401  Alpnach	0	0
140  Schönenberg (ZH)	0	0
14  Wettswil am Albis	0	0
139  Rüschlikon	1	398
138  Richterswil	0	0
1375  Unteriberg	0	0
1374  Steinerberg	0	0
1373  Steinen	0	0
1372  Schwyz	3	1821
1371  Sattel	0	0
1370  Rothenthurm	0	0
137  Oberrieden	0	0
1369  Riemenstalden	0	0
1368  Oberiberg	0	0
1367  Muotathal	0	0
1366  Morschach	0	0
1365  Lauerz	0	0
1364  Ingenbohl	0	0
1363  Illgau	0	0
1362  Arth	1	273
1361  Alpthal	0	0
136  Langnau am Albis	0	0
135  Kilchberg (ZH)	3	1821
1349  Wangen (SZ)	0	0
1348  Vorderthal	0	0
1347  Tuggen	0	0
1346  Schübelbach	0	0
1345  Reichenburg	0	0
1344  Lachen	1	622
1343  Innerthal	0	0
1342  Galgenen	0	0
1341  Altendorf	1	499
134  Hütten	0	0
1331  Küssnacht (SZ)	0	0
133  Horgen	4	2306
1323  Wollerau	0	0
1322  Freienbach	1	323
1321  Feusisberg	0	0
132  Hirzel	0	0
1311  Gersau	0	0
131  Adliswil	5	3102
1301  Einsiedeln	0	0
13  Stallikon	0	0
1220  Wassen	0	0
1219  Unterschächen	0	0
1218  Spiringen	0	0
1217  Sisikon	0	0
1216  Silenen	0	0
1215  Seelisberg	0	0
1214  Seedorf (UR)	0	0
1213  Schattdorf	1	385
1212  Realp	0	0
1211  Isenthal	0	0
1210  Hospental	0	0
121  Wetzikon (ZH)	2	1186
1209  Gurtnellen	0	0
1208  Göschenen	0	0
1207  Flüelen	0	0
1206  Erstfeld	0	0
1205  Bürglen (UR)	0	0
1204  Bauen	0	0
1203  Attinghausen	0	0
1202  Andermatt	0	0
1201  Altdorf (UR)	2	916
120  Wald (ZH)	1	395
12  Rifferswil	0	0
119  Seegräben	0	0
118  Rüti (ZH)	0	0
117  Hinwil	4	1836
116  Grüningen	1	295
1151  Willisau	0	0
1150  Zell (LU)	1	409
115  Gossau (ZH)	0	0
1147  Wikon	0	0
1146  Wauwil	0	0
1145  Ufhusen	0	0
1143  Schötz	0	0
1142  Roggliswil	0	0
1140  Reiden	0	0
114  Fischenthal	0	0
1139  Pfaffnau	1	545
1137  Nebikon	0	0
1136  Menznau	1	421
1135  Luthern	0	0
1132  Hergiswil bei Willisau	0	0
1131  Grossdietwil	0	0
1130  Gettnau	0	0
113  Dürnten	0	0
1129  Fischbach	0	0
1128  Ettiswil	0	0
1127  Egolzwil	0	0
1126  Ebersecken	0	0
1125  Dagmersellen	2	591
1123  Altishofen	1	1267
1122  Altbüron	0	0
1121  Alberswil	0	0
112  Bubikon	0	0
111  Bäretswil	0	0
1107  Wolhusen	1	495
1104  Triengen	2	1257
1103  Sursee	3	1274
1102  Sempach	1	316
1100  Schlierbach	0	0
11  Ottenbach	0	0
1099  Schenkon	0	0
1098  Ruswil	0	0
1097  Rickenbach (LU)	0	0
1095  Oberkirch	2	663
1094  Nottwil	1	1091
1093  Neuenkirch	0	0
1091  Mauensee	0	0
1089  Knutwil	0	0
1088  Hildisrieden	0	0
1086  Grosswangen	0	0
1085  Geuensee	0	0
1084  Eich	0	0
1083  Buttisholz	0	0
1082  Büron	0	0
1081  Beromünster	0	0
1069  Weggis	0	0
1068  Vitznau	0	0
1067  Udligenswil	0	0
1066  Schwarzenberg	0	0
1065  Root	1	372
1064  Meierskappel	0	0
1063  Meggen	0	0
1062  Malters	0	0
1061  Luzern	16	12349
1059  Kriens	1	351
1058  Horw	1	404
1057  Honau	0	0
1056  Greppen	0	0
1055  Gisikon	0	0
1054  Ebikon	2	1596
1053  Dierikon	2	1239
1052  Buchrain	1	282
1051  Adligenswil	0	0
1041  Schongau	0	0
1040  Rothenburg	1	466
1039  Römerswil	0	0
1037  Rain	0	0
1033  Inwil	0	0
1032  Hohenrain	0	0
1031  Hochdorf	1	428
1030  Hitzkirch	0	0
1026  Eschenbach (LU)	0	0
1025  Ermensee	0	0
1024  Emmen	4	2283
1023  Ballwil	0	0
1022  Altwis	0	0
1021  Aesch (LU)	0	0
102  Weiach	0	0
1010  Escholzmatt-Marbach	0	0
101  Steinmaur	0	0
1009  Werthenstein	0	0
1008  Schüpfheim	0	0
1007  Romoos	0	0
1005  Hasle (LU)	0	0
1004  Flühli	0	0
1002  Entlebuch	0	0
1001  Doppleschwand	0	0
100  Stadel	0	0
10  Obfelden	0	0
1  Aeugst am Albis	0	0